id;prenom;nom;email;matricule;departement;titre;num_tel;date_de_naissance;photo_de_profile;photo_de_profile_content_type
1;confier bzzz;lunatique plouf;Laure.Olivier@hotmail.fr;au-dehors svelte dépouiller;Informatique;éloigner;ouah de façon que tout à fait;2024-02-13;../fake-data/blob/hipster.png;image/png
2;tendre;lunatique interdire périr;Ernestine.Prevost@gmail.com;tsoin-tsoin lâche triathlète;Informatique;invoquer;après que;2024-02-13;../fake-data/blob/hipster.png;image/png
3;afin que très;à l'entour de bien que;Alois.Hubert@gmail.com;contrarier;Mathematique;en drelin adversaire;outre téméraire;2024-02-13;../fake-data/blob/hipster.png;image/png
4;de manière à ce que camarade;joliment contre;Edith66@yahoo.fr;suivant aussitôt que;Physique;ouch tic-tac où;nonobstant;2024-02-13;../fake-data/blob/hipster.png;image/png
5;déceler dès que;d'après avare;Ange.Charpentier@yahoo.fr;à cause de cot cot à condition que;Informatique;prestataire de services;ah;2024-02-13;../fake-data/blob/hipster.png;image/png
6;envelopper pin-pon;chef de cuisine posséder rédiger;Elisabeth.Marty@hotmail.fr;bzzz plutôt par rapport à;Informatique;assassiner fonctionnaire;de peur que à l'entour de;2024-02-13;../fake-data/blob/hipster.png;image/png
7;en dehors de aimable;progresser;Damien_Sanchez@hotmail.fr;que;Mathematique;prétendre fonctionnaire;apte;2024-02-13;../fake-data/blob/hipster.png;image/png
8;après;badaboum ainsi personnel;Ophelie49@yahoo.fr;au point que broum;Mathematique;zzzz;acquérir;2024-02-13;../fake-data/blob/hipster.png;image/png
9;jadis;efficace consulter boum;Anemone83@hotmail.fr;complètement extrêmement prestataire de services;Physique;pendant;personnel;2024-02-12;../fake-data/blob/hipster.png;image/png
10;commissionnaire;hôte;Arnaud.Philippe@yahoo.fr;à condition que avex aux environs de;Physique;plouf quitte à tellement;dring;2024-02-13;../fake-data/blob/hipster.png;image/png
